	rbes	genbioel	biosyn	arboel	Weighted Avg	Legend
1	0.58	0.54	0.78	0.6	0.5757739574584784	<-- rare entity (<= 10)
0	0.6	0.56	0.99	0.77	0.6483025615677609	<-- frequent entity (> 10)
