	rbes	genbioel	biosyn	arboel	Weighted Avg	Legend
1	0.55	0.54	0.84	0.61	0.5698385667409164	<-- rare mention (<= 10)
0	0.67	0.56	1.0	0.84	0.6950166181493111	<-- frequent mention (> 10)
