	rbes	genbioel	arboel	Weighted Avg	Legend
1	0.56	0.51	0.48	0.5166666666666667	<-- zero-shot entity
0	0.6	0.56	0.75	0.6366666666666667	<-- seen in train
