	rbes	genbioel	biosyn	arboel	Weighted Avg	Legend
1	0.48	0.5	0.77	0.5	0.49681737308239765	<-- zero-shot surface form
0	0.67	0.58	0.99	0.82	0.6940681951793063	<-- seen in train
