value,mean_perf
5.0,0.6715
15.5,0.6839
26.0,0.7325
36.5,0.6989
47.0,0.6935
57.5,0.6778
68.0,0.6853
78.77777777777777,0.6636
88.0,0.7632
99.625,0.7517
109.0,0.6345
119.57142857142857,0.6485
127.66666666666667,0.7959
139.0,0.6138
151.0,0.7194
162.5,0.9333
168.5,0.5410
195.0,0.6252
215.0,0.7512
222.0,0.4300
238.0,0.6772
246.0,0.9708
253.0,0.6475
262.0,1.0000
273.0,0.2848
289.0,0.2825
312.0,0.4226
332.5,1.0000
490.0,0.6603
538.0,0.5969
