value,mean_perf
5.0,0.6709
15.5,0.6803
26.0,0.7317
36.5,0.6945
47.0,0.6908
57.5,0.6924
68.0,0.6847
78.77777777777777,0.6621
88.0,0.7559
99.625,0.7559
109.0,0.6401
119.57142857142857,0.6618
127.66666666666667,0.7819
139.0,0.6191
151.0,0.7222
162.5,0.9259
168.5,0.5515
195.0,0.6317
215.0,0.7537
222.0,0.3913
238.0,0.6561
246.0,0.9708
253.0,0.6475
262.0,1.0000
273.0,0.2667
289.0,0.2825
312.0,0.4196
332.5,1.0000
490.0,0.6603
538.0,0.6027
