{
  "models": {
    "A": "genbioel",
    "B": "rbes"
  },
  "global": {
    "n00": 11974,
    "n01": 2787,
    "n10": 5033,
    "n11": 20349,
    "p_exact": 3.5938134874754724e-144,
    "p_chi2_cc": 3.5017663435193704e-142,
    "n_discordant": 7820,
    "n_common": 40143,
    "acc_A": 0.6322895648058192,
    "acc_B": 0.576339585980121
  },
  "by_subset": {
    "zero_shot_entity==1": {
      "n00": 3195,
      "n01": 924,
      "n10": 1044,
      "n11": 3908,
      "p_exact": 0.007292751657261744,
      "p_chi2_cc": 0.00730813259674708,
      "n_discordant": 1968,
      "n_common": 9071,
      "acc_A": 0.5459155550655936,
      "acc_B": 0.5326865836181237
    },
    "zero_shot_surface_form==1": {
      "n00": 5885,
      "n01": 1382,
      "n10": 2772,
      "n11": 5973,
      "p_exact": 5.55803950410254e-105,
      "p_chi2_cc": 5.172847640604136e-103,
      "n_discordant": 4154,
      "n_common": 16012,
      "acc_A": 0.546152885335998,
      "acc_B": 0.45934299275543344
    },
    "mention_length_discrete==1": {
      "n00": 160,
      "n01": 36,
      "n10": 88,
      "n11": 126,
      "p_exact": 3.3919214577622724e-06,
      "p_chi2_cc": 4.6512000904129825e-06,
      "n_discordant": 124,
      "n_common": 410,
      "acc_A": 0.5219512195121951,
      "acc_B": 0.3951219512195122
    },
    "lexical_variation_discrete==1": {
      "n00": 8899,
      "n01": 1241,
      "n10": 3842,
      "n11": 2409,
      "p_exact": 2.617892241439923e-305,
      "p_chi2_cc": 3.552476975901244e-291,
      "n_discordant": 5083,
      "n_common": 16391,
      "acc_A": 0.3813678238057471,
      "acc_B": 0.22268317979378927
    },
    "synonymy_difficulty==1": {
      "n00": 7822,
      "n01": 1487,
      "n10": 2648,
      "n11": 8896,
      "p_exact": 1.0559999138334051e-73,
      "p_chi2_cc": 9.570940598765042e-73,
      "n_discordant": 4135,
      "n_common": 20853,
      "acc_A": 0.5535894115954539,
      "acc_B": 0.49791396921306286
    },
    "homonymy_difficulty==1": {
      "n00": 5625,
      "n01": 1181,
      "n10": 2322,
      "n11": 7596,
      "p_exact": 3.7101831241256425e-84,
      "p_chi2_cc": 1.1357216652338072e-82,
      "n_discordant": 3503,
      "n_common": 16724,
      "acc_A": 0.5930399425974647,
      "acc_B": 0.524814637646496
    },
    "mention_frequency_difficulty==1": {
      "n00": 8449,
      "n01": 1943,
      "n10": 3868,
      "n11": 12282,
      "p_exact": 3.348874668408662e-143,
      "p_chi2_cc": 1.4793590958832292e-140,
      "n_discordant": 5811,
      "n_common": 26542,
      "acc_A": 0.6084695953583,
      "acc_B": 0.5359430336824655
    },
    "entity_frequency_difficulty==1": {
      "n00": 5854,
      "n01": 1627,
      "n10": 2100,
      "n11": 8948,
      "p_exact": 9.810101159763492e-15,
      "p_chi2_cc": 1.0630835381140395e-14,
      "n_discordant": 3727,
      "n_common": 18529,
      "acc_A": 0.596254519941713,
      "acc_B": 0.5707269685358087
    }
  }
}