{
  "models": {
    "A": "arboel",
    "B": "rbes"
  },
  "global": {
    "n00": 9327,
    "n01": 3178,
    "n10": 7680,
    "n11": 19958,
    "p_exact": 0.0,
    "p_chi2_cc": 0.0,
    "n_discordant": 10858,
    "n_common": 40143,
    "acc_A": 0.6884886530652916,
    "acc_B": 0.576339585980121
  },
  "by_subset": {
    "zero_shot_entity==1": {
      "n00": 3212,
      "n01": 1485,
      "n10": 1027,
      "n11": 3347,
      "p_exact": 6.058070744517883e-20,
      "p_chi2_cc": 7.642277716838135e-20,
      "n_discordant": 2512,
      "n_common": 9071,
      "acc_A": 0.48219600926028,
      "acc_B": 0.5326865836181237
    },
    "zero_shot_surface_form==1": {
      "n00": 6042,
      "n01": 1902,
      "n10": 2615,
      "n11": 5453,
      "p_exact": 2.5159323377087214e-26,
      "p_chi2_cc": 3.1813453817566155e-26,
      "n_discordant": 4517,
      "n_common": 16012,
      "acc_A": 0.5038720959280539,
      "acc_B": 0.45934299275543344
    },
    "mention_length_discrete==1": {
      "n00": 170,
      "n01": 65,
      "n10": 78,
      "n11": 97,
      "p_exact": 0.3156248974433412,
      "p_chi2_cc": 0.31562430073531805,
      "n_discordant": 143,
      "n_common": 410,
      "acc_A": 0.4268292682926829,
      "acc_B": 0.3951219512195122
    },
    "lexical_variation_discrete==1": {
      "n00": 8289,
      "n01": 1236,
      "n10": 4452,
      "n11": 2414,
      "p_exact": 0.0,
      "p_chi2_cc": 0.0,
      "n_discordant": 5688,
      "n_common": 16391,
      "acc_A": 0.4188884143737417,
      "acc_B": 0.22268317979378927
    },
    "synonymy_difficulty==1": {
      "n00": 5923,
      "n01": 1670,
      "n10": 4547,
      "n11": 8713,
      "p_exact": 1.3614195231386534e-302,
      "p_chi2_cc": 2.7363682519844162e-291,
      "n_discordant": 6217,
      "n_common": 20853,
      "acc_A": 0.6358797295353187,
      "acc_B": 0.49791396921306286
    },
    "homonymy_difficulty==1": {
      "n00": 3964,
      "n01": 1315,
      "n10": 3983,
      "n11": 7462,
      "p_exact": 1.1001761963807427e-307,
      "p_chi2_cc": 6.370880963111885e-294,
      "n_discordant": 5298,
      "n_common": 16724,
      "acc_A": 0.6843458502750538,
      "acc_B": 0.524814637646496
    },
    "mention_frequency_difficulty==1": {
      "n00": 7783,
      "n01": 2528,
      "n10": 4534,
      "n11": 11697,
      "p_exact": 1.5718885117674383e-127,
      "p_chi2_cc": 8.185248607087839e-126,
      "n_discordant": 7062,
      "n_common": 26542,
      "acc_A": 0.6115213623690754,
      "acc_B": 0.5359430336824655
    },
    "entity_frequency_difficulty==1": {
      "n00": 5151,
      "n01": 2182,
      "n10": 2803,
      "n11": 8393,
      "p_exact": 1.4621427008688009e-18,
      "p_chi2_cc": 1.615873530896555e-18,
      "n_discordant": 4985,
      "n_common": 18529,
      "acc_A": 0.6042419990285498,
      "acc_B": 0.5707269685358087
    }
  }
}