{
  "models": {
    "A": "arboel",
    "B": "genbioel"
  },
  "global": {
    "n00": 8480,
    "n01": 4025,
    "n10": 6281,
    "n11": 21357,
    "p_exact": 3.4783543928891947e-110,
    "p_chi2_cc": 2.5886563069680946e-109,
    "n_discordant": 10306,
    "n_common": 40143,
    "acc_A": 0.6884886530652916,
    "acc_B": 0.6322895648058192
  },
  "by_subset": {
    "zero_shot_entity==1": {
      "n00": 3152,
      "n01": 1545,
      "n10": 967,
      "n11": 3407,
      "p_exact": 6.299796512674626e-31,
      "p_chi2_cc": 1.1424940173092212e-30,
      "n_discordant": 2512,
      "n_common": 9071,
      "acc_A": 0.48219600926028,
      "acc_B": 0.5459155550655936
    },
    "zero_shot_surface_form==1": {
      "n00": 5347,
      "n01": 2597,
      "n10": 1920,
      "n11": 6148,
      "p_exact": 6.984621909881772e-24,
      "p_chi2_cc": 8.45021688930953e-24,
      "n_discordant": 4517,
      "n_common": 16012,
      "acc_A": 0.5038720959280539,
      "acc_B": 0.546152885335998
    },
    "mention_length_discrete==1": {
      "n00": 150,
      "n01": 85,
      "n10": 46,
      "n11": 129,
      "p_exact": 0.0008320420945381636,
      "p_chi2_cc": 0.0008999313383491977,
      "n_discordant": 131,
      "n_common": 410,
      "acc_A": 0.4268292682926829,
      "acc_B": 0.5219512195121951
    },
    "lexical_variation_discrete==1": {
      "n00": 7380,
      "n01": 2145,
      "n10": 2760,
      "n11": 4106,
      "p_exact": 1.6593465804603544e-18,
      "p_chi2_cc": 1.8356021662437412e-18,
      "n_discordant": 4905,
      "n_common": 16391,
      "acc_A": 0.4188884143737417,
      "acc_B": 0.3813678238057471
    },
    "synonymy_difficulty==1": {
      "n00": 5630,
      "n01": 1963,
      "n10": 3679,
      "n11": 9581,
      "p_exact": 3.3940687362048595e-117,
      "p_chi2_cc": 2.196680355734681e-115,
      "n_discordant": 5642,
      "n_common": 20853,
      "acc_A": 0.6358797295353187,
      "acc_B": 0.5535894115954539
    },
    "homonymy_difficulty==1": {
      "n00": 3450,
      "n01": 1829,
      "n10": 3356,
      "n11": 8089,
      "p_exact": 3.899749167615947e-101,
      "p_chi2_cc": 1.1222727989959476e-99,
      "n_discordant": 5185,
      "n_common": 16724,
      "acc_A": 0.6843458502750538,
      "acc_B": 0.5930399425974647
    },
    "mention_frequency_difficulty==1": {
      "n00": 6951,
      "n01": 3360,
      "n10": 3441,
      "n11": 12790,
      "p_exact": 0.33201136676302245,
      "p_chi2_cc": 0.3320110162914736,
      "n_discordant": 6801,
      "n_common": 26542,
      "acc_A": 0.6115213623690754,
      "acc_B": 0.6084695953583
    },
    "entity_frequency_difficulty==1": {
      "n00": 4989,
      "n01": 2344,
      "n10": 2492,
      "n11": 8704,
      "p_exact": 0.03451727610102429,
      "p_chi2_cc": 0.0345280715820905,
      "n_discordant": 4836,
      "n_common": 18529,
      "acc_A": 0.6042419990285498,
      "acc_B": 0.596254519941713
    }
  }
}